{"mean": [33.312828063964844], "std": [78.55924987792969]}