{"0.3": [0.2215000000000003, 0.20878571428571457, 0.31500000000000006, 0.208714285714286], "0.4": [0.2621428571428573, 0.25728571428571434, 0.7355, 0.2620714285714287], "0.5": [0.2821428571428573, 0.25728571428571434, 0.8630714285714288, 0.36642857142857144], "0.6": [0.5641428571428574, 0.33492857142857196, 0.8994285714285716, 0.5691428571428573], "0.7": [0.7096428571428574, 0.3394285714285719, 0.9349285714285716, 0.8176428571428571], "0.8": [0.8278571428571426, 0.42642857142857155, 0.9647857142857136, 0.9424285714285712], "0.9": [0.9108571428571426, 0.7170714285714286, 0.9770714285714279, 0.9745714285714282]}