{"adaptive_heuristic": {"tiny": {"0.2": 4.642801423203246, "0.3": 3.320914307143539, "0.4": 2.213942871429026, "0.5": 1.6238833576421259, "0.6": 1.399088897916954, "0.7": 0.9101028031720668, "0.8": 0.5227365113096312, "0.9": 0.32022415881237976, "1.0": 0.07687301636906341}}, "adaptive_deviation": {"tiny": {"0.2": 1.0943002087001057, "0.3": 0.811010322693619, "0.4": 0.6117291300722882, "0.5": 0.4677843160145585, "0.6": 0.42009902304812385, "0.7": 0.3040688139660688, "0.8": 0.18349544199110235, "0.9": 0.12107500078127487, "1.0": 0.04636403799759137}}}