{"mean": [-7.258548762045791e-10], "std": [0.9978700280189514]}