{"mean": [0.06847403198480606, -0.17911119759082794, -0.019250156357884407], "std": [1.0019325017929077, 1.0271111726760864, 0.7619710564613342]}