{"mean": [51.684913635253906, 54.833641052246094, 72.22881317138672, 69.42476654052734, 236.25106811523438, 147.16616821289062, 91.97044372558594, 509.1078796386719, -175.5305633544922, 339.5214538574219], "std": [73.58970642089844, 75.29081726074219, 76.51420593261719, 80.07097625732422, 136.5272216796875, 72.24781036376953, 52.36067581176758, 316.92913818359375, 253.88368225097656, 189.69261169433594]}