{"adaptive_deviation": {"tiny": {"0.2": 0.8632037427472792, "0.3": 0.6647214352706499, "0.4": 0.5449096691298507, "0.5": 0.448304686520828, "0.6": 0.43381347650231983, "0.7": 0.34972715542059596, "0.8": 0.20916088103058428, "0.9": 0.13164494891367895}}}