{"adaptive_deviation": {"tiny": {"0.2": 1.310684929092531, "0.3": 1.083909530803794, "0.4": 0.9814212174363409, "0.5": 0.8092709594109242, "0.6": 0.7209247566361228, "0.7": 0.6135427618955873, "0.8": 0.4826184058920262, "0.9": 0.38496565228570034}}}