{"mean": [1.2620999800816435e-09], "std": [0.9995419979095459]}