{"mean": [0.8031899333000183, 0.029956350103020668, 0.08836321532726288, 0.006028114352375269, -0.0011100659612566233, -0.007557661738246679], "std": [0.4108975827693939, 0.38387739658355713, 0.37068867683410645, 0.4152870178222656, 0.40712952613830566, 0.28555944561958313]}