{"mean": [-10.302262306213379], "std": [147.0835418701172]}