{"mean": [-0.004636102356016636], "std": [2.341320753097534]}