{"mean": [0.06977954506874084, -0.2902084290981293, -0.10225683450698853], "std": [0.9683957695960999, 1.019536018371582, 0.5121755003929138]}